Id,Name,dn,ds,Branch.length,Family,Genus,Order,SubFamily,SubOrder,mass,species,FAM
0,Sciurus_vulgaris,321,4237,1.36049,Sciuridae,Sciurus,Rodentia,Sciurinae,Sciurognathi,600,vulgaris, Rodentia Sciuridae
10,,165,1554,0.481211,Cricetidae,,Rodentia,,Sciurognathi,NA,, Rodentia Cricetidae
100,Zalophus_californianus,50,346,0.108504,Otariidae,Zalophus,Carnivora,,Caniformia,180000,californianus, Carnivora Otariidae
101,,61,525,0.161865,Otariidae,,Carnivora,,Caniformia,NA,, Carnivora Otariidae
102,,100,805,0.250804,Otariidae,,Carnivora,,Caniformia,NA,, Carnivora Otariidae
103,Odobenus_rosmarus_rosmarus,263,2135,0.662899,Odobenidae,Odobenus,Carnivora,,Caniformia,1012500,rosmarus, Carnivora Odobenidae
104,,84,618,0.193443,,,Carnivora,,Caniformia,NA,, Carnivora 
105,Erignathus_barbatus,89,985,0.300785,Phocidae,Erignathus,Carnivora,,Caniformia,373000,barbatus, Carnivora Phocidae
106,Cystophora_cristata,66,685,0.206096,Phocidae,Cystophora,Carnivora,,Caniformia,405000,cristata, Carnivora Phocidae
107,Halichoerus_grypus,27,165,0.0522716,Phocidae,Halichoerus,Carnivora,,Caniformia,268000,grypus, Carnivora Phocidae
108,Phoca_caspica,19,158,0.0488525,Phocidae,Phoca,Carnivora,,Caniformia,NA,caspica, Carnivora Phocidae
109,,47,523,0.157742,Phocidae,,Carnivora,,Caniformia,NA,, Carnivora Phocidae
11,,217,1853,0.575659,,,Rodentia,,Sciurognathi,NA,, Rodentia 
110,,36,418,0.12679,Phocidae,,Carnivora,,Caniformia,NA,, Carnivora Phocidae
111,,22,154,0.0480799,Phocidae,,Carnivora,,Caniformia,NA,, Carnivora Phocidae
112,Monachus_schauinslandi,110,1054,0.329029,Phocidae,Monachus,Carnivora,,Caniformia,222500,schauinslandi, Carnivora Phocidae
113,Mirounga_leonina,94,861,0.268423,Phocidae,Mirounga,Carnivora,,Caniformia,1400000,leonina, Carnivora Phocidae
114,Lobodon_carcinophaga,30,521,0.157214,Phocidae,Lobodon,Carnivora,,Caniformia,250000,carcinophaga, Carnivora Phocidae
115,Leptonychotes_weddellii,23,307,0.0933986,Phocidae,Leptonychotes,Carnivora,,Caniformia,425000,weddellii, Carnivora Phocidae
116,Hydrurga_leptonyx,40,389,0.12242,Phocidae,Hydrurga,Carnivora,,Caniformia,367750,leptonyx, Carnivora Phocidae
117,,13,230,0.0690572,Phocidae,Hydrurga,Carnivora,,Caniformia,NA,, Carnivora Phocidae
118,,26,234,0.0728824,Phocidae,Hydrurga,Carnivora,,Caniformia,NA,, Carnivora Phocidae
119,,14,123,0.0387614,Phocidae,Hydrurga,Carnivora,,Caniformia,NA,, Carnivora Phocidae
120,,40,399,0.123323,Phocidae,Hydrurga,Carnivora,,Caniformia,NA,, Carnivora Phocidae
121,,67,548,0.16998,Phocidae,Hydrurga,Carnivora,,Caniformia,NA,, Carnivora Phocidae
122,,91,882,0.265723,Phocidae,Hydrurga,Carnivora,,Caniformia,NA,, Carnivora Phocidae
123,,18,151,0.0451675,Phocidae,Hydrurga,Carnivora,,Caniformia,NA,, Carnivora Phocidae
124,Ailuropoda_melanoleuca,184,1864,0.549302,Ursidae,Ailuropoda,Carnivora,,Caniformia,117500,melanoleuca, Carnivora Ursidae
125,Ursus_americanus,158,1483,0.438611,Ursidae,Ursus,Carnivora,,Caniformia,154250,americanus, Carnivora Ursidae
126,,113,1156,0.341734,Ursidae,,Carnivora,,Caniformia,NA,, Carnivora Ursidae
127,,36,288,0.0872033,,,Carnivora,,Caniformia,NA,, Carnivora 
128,,55,445,0.136728,,,Carnivora,,Caniformia,NA,, Carnivora 
129,,109,696,0.218886,,,Carnivora,,Caniformia,NA,, Carnivora 
12,Nannospalax_ehrenbergi,306,3773,1.92696,Spalacidae,Nannospalax,Rodentia,Spalacinae,Sciurognathi,160,ehrenbergi, Rodentia Spalacidae
13,,173,1463,0.450575,,,Rodentia,,Sciurognathi,NA,, Rodentia 
130,Manis_tetradactyla,250,3523,2.1421,Manidae,,Pholidota,,,NA,, Pholidota Manidae
131,,55,360,0.113758,,,,,,NA,,  
132,Equus_asinus,174,2007,0.607204,Equidae,Equus,Perissodactyla,,,164998,asinus, Perissodactyla Equidae
133,Rhinoceros_unicornis,123,1074,0.335043,Rhinocerotidae,Rhinoceros,Perissodactyla,,,1602330,unicornis, Perissodactyla Rhinocerotidae
134,Ceratotherium_simum,98,854,0.262223,Rhinocerotidae,Ceratotherium,Perissodactyla,,,2175000,simum, Perissodactyla Rhinocerotidae
135,,125,1102,0.341829,Rhinocerotidae,,Perissodactyla,,,NA,, Perissodactyla Rhinocerotidae
136,,88,980,0.293477,Rhinocerotidae,,Perissodactyla,,,NA,, Perissodactyla Rhinocerotidae
137,,30,206,0.0642177,,,,,,NA,,  
138,Chalinolobus_tuberculatus,194,2233,0.660583,Vespertilionidae,Chalinolobus,Chiroptera,,Microchiroptera,NA,tuberculatus, Chiroptera Vespertilionidae
139,Pipistrellus_abramus,202,2137,0.637574,Vespertilionidae,Pipistrellus,Chiroptera,,Microchiroptera,NA,abramus, Chiroptera Vespertilionidae
140,,325,3387,1.03126,Vespertilionidae,,Chiroptera,,Microchiroptera,NA,, Chiroptera Vespertilionidae
141,Mystacina_tuberculata,225,2905,0.866213,Mystacinidae,Mystacina,Chiroptera,,Microchiroptera,23.5,tuberculata, Chiroptera Mystacinidae
142,Artibeus_jamaicensis,282,4086,1.26008,Phyllostomidae,Artibeus,Chiroptera,Stenodermatinae,Microchiroptera,42.2,jamaicensis, Chiroptera Phyllostomidae
143,,90,846,0.254246,,,Chiroptera,,Microchiroptera,NA,, Chiroptera 
144,,77,689,0.206245,,,Chiroptera,,Microchiroptera,NA,, Chiroptera 
145,Rhinolophus_monoceros,261,3316,1.00866,Rhinolophidae,Rhinolophus,Chiroptera,Rhinolophinae,Microchiroptera,NA,monoceros, Chiroptera Rhinolophidae
146,Rousettus_aegyptiacus,171,1964,0.588383,Pteropodidae,Rousettus,Chiroptera,Pteropodinae,Megachiroptera,NA,aegyptiacus, Chiroptera Pteropodidae
147,Pteropus_scapulatus,164,2001,0.600379,Pteropodidae,Pteropus,Chiroptera,Pteropodinae,Megachiroptera,300,scapulatus, Chiroptera Pteropodidae
148,,174,1909,0.576779,,,Chiroptera,,,NA,, Chiroptera 
149,,65,590,0.178122,,,Chiroptera,,,NA,, Chiroptera 
14,Jaculus_jaculus,248,3633,2.18438,Dipodidae,Jaculus,Rodentia,Dipodinae,Sciurognathi,55,jaculus, Rodentia Dipodidae
15,,155,1253,0.387974,,,Rodentia,,Sciurognathi,NA,, Rodentia 
150,,134,950,0.297984,,,Chiroptera,,,NA,, Chiroptera 
151,,30,157,0.050332,,,,,,NA,,  
152,Sus_scrofa,78,707,0.22292,Suidae,Sus,,,,180000,scrofa,  Suidae
153,Phacochoerus_africanus,75,939,0.288674,Suidae,Phacochoerus,,,,1e+05,africanus,  Suidae
154,,254,2945,0.914822,Suidae,,,,,NA,,  Suidae
155,Hippopotamus_amphibius,280,2478,0.777158,Hippopotamidae,Hippopotamus,,,,3750000,amphibius,  Hippopotamidae
156,Balaena_mysticetus,34,314,0.0972227,Balaenidae,Balaena,Cetacea,,Mysticeti,1e+08,mysticetus, Cetacea Balaenidae
157,Eubalaena_australis,24,278,0.0827187,Balaenidae,Eubalaena,Cetacea,,Mysticeti,4.5e+07,australis, Cetacea Balaenidae
158,,50,446,0.137286,Balaenidae,,Cetacea,,Mysticeti,NA,, Cetacea Balaenidae
159,Balaenoptera_acutorostrata,92,653,0.20553,Balaenopteridae,Balaenoptera,Cetacea,,Mysticeti,7500000,acutorostrata, Cetacea Balaenopteridae
160,Megaptera_novaeangliae,68,496,0.156668,Balaenopteridae,Megaptera,Cetacea,,Mysticeti,3e+07,novaeangliae, Cetacea Balaenopteridae
161,Eschrichtius_robustus,92,560,0.179846,Eschrichtiidae,Eschrichtius,Cetacea,,Mysticeti,28500000,robustus, Cetacea Eschrichtiidae
162,,12,116,0.0358546,,,Cetacea,,Mysticeti,NA,, Cetacea 
163,,22,270,0.0815931,,,Cetacea,,Mysticeti,NA,, Cetacea 
164,Caperea_marginata,132,1066,0.33028,Neobalaenidae,Caperea,Cetacea,,Mysticeti,NA,marginata, Cetacea Neobalaenidae
165,,23,135,0.0430242,,,Cetacea,,Mysticeti,NA,, Cetacea 
166,,69,426,0.138475,,,Cetacea,,Mysticeti,NA,, Cetacea 
167,Platanista_minor,274,1915,0.611807,Platanistidae,Platanista,Cetacea,,Odontoceti,NA,minor, Cetacea Platanistidae
168,Lagenorhynchus_albirostris,114,1024,0.313598,Delphinidae,Lagenorhynchus,Cetacea,,Odontoceti,NA,albirostris, Cetacea Delphinidae
169,Monodon_monoceros,145,946,0.301182,Monodontidae,Monodon,Cetacea,,Odontoceti,1250000,monoceros, Cetacea Monodontidae
16,Anomalurus_sp.,233,3436,2.48728,Anomaluridae,Anomalurus,Rodentia,,Sciurognathi,NA,sp., Rodentia Anomaluridae
17,,65,515,0.158861,,,Rodentia,,Sciurognathi,NA,, Rodentia 
170,Phocoena_phocoena,140,1312,0.396822,Phocoenidae,Phocoena,Cetacea,,Odontoceti,52500,phocoena, Cetacea Phocoenidae
171,,37,260,0.0823285,,,Cetacea,,Odontoceti,NA,, Cetacea 
172,,76,482,0.154264,,,Cetacea,,Odontoceti,NA,, Cetacea 
173,Lipotes_vexillifer,314,2008,0.652231,Lipotidae,Lipotes,Cetacea,,Odontoceti,83500,vexillifer, Cetacea Lipotidae
174,Pontoporia_blainvillei,291,2070,0.657117,Pontoporiidae,Pontoporia,Cetacea,,Odontoceti,40500,blainvillei, Cetacea Pontoporiidae
175,Inia_geoffrensis,254,1573,0.504161,Iniidae,Inia,Cetacea,,Odontoceti,84000,geoffrensis, Cetacea Iniidae
176,,75,415,0.134285,,,Cetacea,,Odontoceti,NA,, Cetacea 
177,,29,114,0.039156,,,Cetacea,,Odontoceti,NA,, Cetacea 
178,,101,503,0.169098,,,Cetacea,,Odontoceti,NA,, Cetacea 
179,Hyperoodon_ampullatus,98,991,0.303621,Ziphiidae,Hyperoodon,Cetacea,,Odontoceti,6500000,ampullatus, Cetacea Ziphiidae
180,Berardius_bairdii,130,1069,0.32883,Ziphiidae,Berardius,Cetacea,,Odontoceti,11380000,bairdii, Cetacea Ziphiidae
181,,83,570,0.181968,Ziphiidae,,Cetacea,,Odontoceti,NA,, Cetacea Ziphiidae
182,,11,48,0.016476,,,Cetacea,,Odontoceti,NA,, Cetacea 
183,,28,137,0.0461132,,,Cetacea,,Odontoceti,NA,, Cetacea 
184,Physeter_catodon,217,1454,0.467858,Physeteridae,Physeter,Cetacea,,Odontoceti,42500000,catodon, Cetacea Physeteridae
185,Kogia_breviceps,188,1478,0.464817,Physeteridae,Kogia,Cetacea,,Odontoceti,424600,breviceps, Cetacea Physeteridae
186,,76,448,0.145075,Physeteridae,,Cetacea,,Odontoceti,NA,, Cetacea Physeteridae
187,,26,135,0.0451066,,,Cetacea,,Odontoceti,NA,, Cetacea 
188,,227,1675,0.534036,,,Cetacea,,,NA,, Cetacea 
189,,85,664,0.207986,,,,,,NA,,  
18,Thryonomys_swinderianus,277,3879,2.04938,Thryonomyidae,Thryonomys,Rodentia,,Hystricognathi,6600,swinderianus, Rodentia Thryonomyidae
190,Cervus_elaphus,70,846,0.253907,Cervidae,Cervus,,Cervinae,Ruminantia,2e+05,elaphus,  Cervidae
191,Muntiacus_muntjak,94,1003,0.304821,Cervidae,Muntiacus,,Muntiacinae,Ruminantia,21000,muntjak,  Cervidae
192,Elaphodus_cephalophus,70,951,0.278031,Cervidae,Elaphodus,,Muntiacinae,Ruminantia,33500,cephalophus,  Cervidae
193,,10,123,0.0360545,Cervidae,,,Muntiacinae,Ruminantia,NA,,  Cervidae
194,,15,184,0.0545788,Cervidae,,,,Ruminantia,NA,,  Cervidae
195,Rangifer_tarandus,75,1165,0.343132,Cervidae,Rangifer,,Odocoileinae,Ruminantia,101250,tarandus,  Cervidae
196,,68,711,0.215138,Cervidae,,,,Ruminantia,NA,,  Cervidae
197,Pantholops_hodgsonii,81,847,0.256545,Bovidae,Pantholops,,Antilopinae,Ruminantia,NA,hodgsonii,  Bovidae
198,Ammotragus_lervia,96,741,0.233537,Bovidae,Ammotragus,,Caprinae,Ruminantia,92500,lervia,  Bovidae
199,Ovis_aries,69,813,0.244002,Bovidae,Ovis,,Caprinae,Ruminantia,110000,aries,  Bovidae
19,Cavia_porcellus,329,3687,1.67854,Caviidae,Cavia,Rodentia,,Hystricognathi,728,porcellus, Rodentia Caviidae
1,Myoxus_glis,284,3822,1.80985,Gliridae,Myoxus,Rodentia,Glirinae,Sciurognathi,125,glis, Rodentia Gliridae
2,,137,1212,0.368425,,,Rodentia,,Sciurognathi,NA,, Rodentia 
20,,240,2300,0.700808,,,Rodentia,,Hystricognathi,NA,, Rodentia 
200,Capra_hircus,121,849,0.272281,Bovidae,Capra,,Caprinae,Ruminantia,61000,hircus,  Bovidae
201,,12,97,0.0305458,Bovidae,,,Caprinae,Ruminantia,NA,,  Bovidae
202,,35,291,0.0901822,Bovidae,,,Caprinae,Ruminantia,NA,,  Bovidae
203,,53,537,0.165372,Bovidae,,,,Ruminantia,NA,,  Bovidae
204,Bubalus_bubalis,96,1031,0.313904,Bovidae,Bubalus,,Bovinae,Ruminantia,725000,bubalis,  Bovidae
205,Bos_grunniens,115,1176,0.360603,Bovidae,Bos,,Bovinae,Ruminantia,667000,grunniens,  Bovidae
206,,46,496,0.151945,Bovidae,,,Bovinae,Ruminantia,NA,,  Bovidae
207,,26,178,0.0563975,Bovidae,,,,Ruminantia,NA,,  Bovidae
208,,170,1659,0.51283,,,,,Ruminantia,NA,,  
209,,44,363,0.112715,,,,,,NA,,  
21,,49,384,0.117455,,,Rodentia,,,NA,, Rodentia 
210,,33,246,0.0757502,,,,,,NA,,  
211,Lama_pacos,139,1510,0.445719,Camelidae,Lama,,,Tylopoda,62000,pacos,  Camelidae
212,Camelus_bactrianus,135,1637,0.476824,Camelidae,Camelus,,,Tylopoda,475000,bactrianus,  Camelidae
213,,257,2888,0.870942,Camelidae,,,,Tylopoda,NA,,  Camelidae
214,,83,607,0.188715,,,,,,NA,,  
215,,88,629,0.196522,,,,,,NA,,  
216,Talpa_europaea,97,1514,0.44402,Talpidae,Talpa,Insectivora,,,92.5,europaea, Insectivora Talpidae
217,Mogera_wogura,111,1649,0.491401,Talpidae,Mogera,Insectivora,,,NA,wogura, Insectivora Talpidae
218,,74,929,0.278282,Talpidae,,Insectivora,,,NA,, Insectivora Talpidae
219,Urotrichus_talpoides,171,2589,0.78233,Talpidae,Urotrichus,Insectivora,,,NA,talpoides, Insectivora Talpidae
22,,63,478,0.146539,,,Rodentia,,,NA,, Rodentia 
220,Galemys_pyrenaicus,308,3603,1.14219,Talpidae,Galemys,Insectivora,,,57.5,pyrenaicus, Insectivora Talpidae
221,,28,300,0.0904245,Talpidae,,Insectivora,,,NA,, Insectivora Talpidae
222,,181,1833,0.5588,Talpidae,,Insectivora,,,NA,, Insectivora Talpidae
223,Crocidura_russula,265,3960,1.46479, Soricidae,Crocidura,Insectivora,Crocidurinae,,11.6,russula, Insectivora  Soricidae
224,Episoriculus_fumidus,168,2748,0.819462, Soricidae,Episoriculus,Insectivora,Soricinae,,NA,fumidus, Insectivora  Soricidae
225,Sorex_unguiculatus,146,2368,0.693837, Soricidae,Sorex,Insectivora,Soricinae,,NA,unguiculatus, Insectivora  Soricidae
226,,107,1085,0.329196, Soricidae,,Insectivora,Soricinae,,NA,, Insectivora  Soricidae
227,,185,1732,0.530126, Soricidae,,Insectivora,,,NA,, Insectivora  Soricidae
228,Echinosorex_gymnura,266,3430,2.13469,Erinaceidae,Echinosorex,Insectivora,Galericinae,,1250,gymnura, Insectivora Erinaceidae
229,Hemiechinus_auritus,282,2208,0.686685,Erinaceidae,Hemiechinus,Insectivora,Erinaceinae,,342,auritus, Insectivora Erinaceidae
230,Erinaceus_europaeus,336,2649,0.817888,Erinaceidae,Erinaceus,Insectivora,Erinaceinae,,750,europaeus, Insectivora Erinaceidae
231,,326,3887,1.98287,Erinaceidae,,Insectivora,Erinaceinae,,NA,, Insectivora Erinaceidae
232,,309,2865,0.879384,Erinaceidae,,Insectivora,,,NA,, Insectivora Erinaceidae
233,,65,597,0.180647,,,Insectivora,,,NA,, Insectivora 
234,,91,819,0.250008,,,Insectivora,,,NA,, Insectivora 
235,,126,839,0.264901,,,,,,NA,,  
236,,34,218,0.0677291,,,,,,NA,,  
237,Elephantulus_sp._VB001,300,3803,1.1709,Macroscelididae,Elephantulus,Macroscelidea,,,NA,sp., Macroscelidea Macroscelididae
238,Macroscelides_proboscideus,314,4326,1.39057,Macroscelididae,Macroscelides,Macroscelidea,,,40,proboscideus, Macroscelidea Macroscelididae
239,,318,3116,0.957794,Macroscelididae,,Macroscelidea,,,NA,, Macroscelidea Macroscelididae
23,Ochotona_princeps,310,3601,1.49868,Ochotonidae,Ochotona,Lagomorpha,,,100,princeps, Lagomorpha Ochotonidae
240,Echinops_telfairi,222,3403,2.32908,Tenrecidae,Echinops,,Tenrecinae,,180,telfairi,  Tenrecidae
241,Chrysochloris_asiatica,308,4241,1.41282, Chrysochloridae,Chrysochloris,,Chrysochlorinae,,NA,asiatica,   Chrysochloridae
242,,101,1018,0.304386,,,,,,NA,,  
243,,53,491,0.147891,,,,,,NA,,  
244,Orycteropus_afer,310,3627,1.51893,Orycteropodidae,Orycteropus,Tubulidentata,,,60000,afer, Tubulidentata Orycteropodidae
245,,84,679,0.207948,,,,,,NA,,  
246,Procavia_capensis,318,3611,1.80901,Procaviidae,Procavia,Hyracoidea,,,3600,capensis, Hyracoidea Procaviidae
247,Dugong_dugon,308,3615,1.09955,Dugongidae,Dugong,Sirenia,,,360000,dugon, Sirenia Dugongidae
248,Mammut_americanum,144,871,0.272234,Elephantidae,Mammut,Proboscidea,,,NA,americanum, Proboscidea Elephantidae
249,Loxodonta_africana,39,246,0.0757097,Elephantidae,Loxodonta,Proboscidea,,,4800000,africana, Proboscidea Elephantidae
24,Lepus_europaeus,108,1698,0.490743,Leporidae,Lepus,Lagomorpha,,,4175,europaeus, Lagomorpha Leporidae
250,Elephas_maximus,43,303,0.0920761,Elephantidae,Elephas,Proboscidea,,,3178000,maximus, Proboscidea Elephantidae
251,Mammuthus_primigenius,49,303,0.0948444,Elephantidae,Mammuthus,Proboscidea,,,NA,primigenius, Proboscidea Elephantidae
252,,19,121,0.0379589,Elephantidae,,Proboscidea,,,NA,, Proboscidea Elephantidae
253,,128,826,0.255886,Elephantidae,,Proboscidea,,,NA,, Proboscidea Elephantidae
254,,366,3557,1.62042,Elephantidae,,Proboscidea,,,NA,, Proboscidea Elephantidae
255,,96,939,0.282687,,,,,,NA,,  
256,,117,1050,0.319815,,,,,,NA,,  
257,,112,893,0.27589,,,,,,NA,,  
258,Bradypus_tridactylus,389,2492,0.798735,Bradypodidae,Bradypus,Pilosa,,Folivora,NA,tridactylus, Pilosa Bradypodidae
259,Choloepus_didactylus,265,1645,0.52976,Megalonychidae,Choloepus,Pilosa,,Folivora,NA,didactylus, Pilosa Megalonychidae
25,Oryctolagus_cuniculus,122,1765,0.513301,Leporidae,Oryctolagus,Lagomorpha,,,1800,cuniculus, Lagomorpha Leporidae
26,,233,2479,0.748444,Leporidae,,Lagomorpha,,,NA,, Lagomorpha Leporidae
260,,227,2259,0.691775,,,Pilosa,,Folivora,NA,, Pilosa 
261,Dasypus_novemcinctus,335,4046,1.43111,Dasypodidae,Dasypus,Cingulata,,,NA,novemcinctus, Cingulata Dasypodidae
262,,52,478,0.146561,,,,,,NA,,  
263,Tamandua_tetradactyla,347,3374,1.55254,Myrmecophagidae,Tamandua,Pilosa,,Vermilingua,NA,tetradactyla, Pilosa Myrmecophagidae
264,,170,1566,0.480924,,,,,,NA,,  
265,,50,369,0.113878,,,,,,NA,,  
266,,411,3560,1.11796,,,,,,NA,,  
267,Ornithorhynchus_anatinus,181,2334,0.671885,Ornithorhynchidae,Ornithorhynchus,Monotremata,,,NA,anatinus, Monotremata Ornithorhynchidae
268,Zaglossus_bruijni,46,426,0.124473,Tachyglossidae,Zaglossus,Monotremata,,,NA,bruijni, Monotremata Tachyglossidae
269,Tachyglossus_aculeatus,57,472,0.140635,Tachyglossidae,Tachyglossus,Monotremata,,,NA,aculeatus, Monotremata Tachyglossidae
27,,166,1617,0.49304,,,Lagomorpha,,,NA,, Lagomorpha 
270,,210,2265,0.664225,Tachyglossidae,,Monotremata,,,NA,, Monotremata Tachyglossidae
271,,339,3657,1.54439,,,Monotremata,,,NA,, Monotremata 
272,Dromiciops_gliroides,276,3589,1.09313,Microbiotheriidae,Dromiciops,Microbiotheria,,,NA,gliroides, Microbiotheria Microbiotheriidae
273,Thylamys_elegans,277,3620,1.59308,Didelphidae,Thylamys,Didelphimorphia,Didelphinae,,NA,elegans, Didelphimorphia Didelphidae
274,Phascogale_tapoatafa,211,2817,0.831919,Dasyuridae,Phascogale,Dasyuromorphia,,,193.5,tapoatafa, Dasyuromorphia Dasyuridae
275,Sminthopsis_crassicaudata,216,3219,0.949681,Dasyuridae,Sminthopsis,Dasyuromorphia,,,15,crassicaudata, Dasyuromorphia Dasyuridae
276,,46,509,0.149962,Dasyuridae,,Dasyuromorphia,,,NA,, Dasyuromorphia Dasyuridae
277,Dasyurus_hallucatus,253,3232,0.956871,Dasyuridae,Dasyurus,Dasyuromorphia,,,525,hallucatus, Dasyuromorphia Dasyuridae
278,,243,2699,0.810518,,,Dasyuromorphia,,,NA,, Dasyuromorphia 
279,,70,685,0.204126,,,,,,NA,,  
28,,64,468,0.144118,,,,,,NA,,  
280,Macrotis_lagotis,237,3075,0.939697,Peramelidae,Macrotis,Peramelemorphia,,,NA,lagotis, Peramelemorphia Peramelidae
281,Echymipera_rufescens_australis,137,1791,0.530349,Peroryctidae,Echymipera,Peramelemorphia,,,NA,rufescens australis, Peramelemorphia Peroryctidae
282,Isoodon_macrourus,47,1014,0.290035,Peramelidae,Isoodon,Peramelemorphia,,,NA,macrourus, Peramelemorphia Peramelidae
283,Perameles_gunnii,78,1275,0.378601,Peramelidae,Perameles,Peramelemorphia,,,NA,gunnii, Peramelemorphia Peramelidae
284,,93,966,0.29308,Peramelidae,,Peramelemorphia,,,NA,, Peramelemorphia Peramelidae
285,,87,1025,0.305674,,,Peramelemorphia,,,NA,, Peramelemorphia 
286,,149,1635,0.494293,,,Peramelemorphia,,,NA,, Peramelemorphia 
287,,18,155,0.0462722,,,,,,NA,,  
288,Pseudocheirus_peregrinus,233,3414,1.04339,Pseudocheiridae,Pseudocheirus,Diprotodontia,,,850,peregrinus, Diprotodontia Pseudocheiridae
289,Potorous_tridactylus,154,2282,0.681581,Potoroidae,Potorous,Diprotodontia,,,1430,tridactylus, Diprotodontia Potoroidae
290,Lagorchestes_hirsutus,59,1010,0.294719,Macropodidae,Lagorchestes,Diprotodontia,,,1310,hirsutus, Diprotodontia Macropodidae
291,Macropus_robustus,77,1048,0.309095,Macropodidae,Macropus,Diprotodontia,,,30000,robustus, Diprotodontia Macropodidae
292,,64,726,0.217079,Macropodidae,,Diprotodontia,,,NA,, Diprotodontia Macropodidae
293,,16,172,0.0511782,,,Diprotodontia,,,NA,, Diprotodontia 
294,Lagostrophus_fasciatus,120,1620,0.478727,Macropodidae,Lagostrophus,Diprotodontia,,,2100,fasciatus, Diprotodontia Macropodidae
295,,144,1612,0.488957,,,Diprotodontia,,,NA,, Diprotodontia 
296,Distoechurus_pennatus,295,3854,1.21639,Acrobatidae,Distoechurus,Diprotodontia,,,51.5,pennatus, Diprotodontia Acrobatidae
297,Trichosurus_vulpecula,135,1487,0.459619,Phalangeridae,Trichosurus,Diprotodontia,,,2395,vulpecula, Diprotodontia Phalangeridae
298,Phalanger_interpositus,232,2008,0.637945,Phalangeridae,Phalanger,Diprotodontia,,,NA,interpositus, Diprotodontia Phalangeridae
299,,122,1417,0.432914,Phalangeridae,,Diprotodontia,,,NA,, Diprotodontia Phalangeridae
29,Presbytis_melalophos,198,1418,0.436008,Cercopithecidae,Presbytis,Primates,Colobinae,Haplorrhini,6540,melalophos, Primates Cercopithecidae
300,Dactylopsila_trivirgata,219,2910,0.877258,Dactylopsila,Dactylopsila,Diprotodontia,,,318,trivirgata, Diprotodontia Dactylopsila
301,Petaurus_breviceps,261,3162,0.966257,Petauridae,Petaurus,Diprotodontia,,,110,breviceps, Diprotodontia Petauridae
302,,64,867,0.256486,,,Diprotodontia,,,NA,, Diprotodontia 
303,,14,147,0.0435925,,,Diprotodontia,,,NA,, Diprotodontia 
304,Tarsipes_rostratus,279,4156,1.38641,Tarsipedidae,Tarsipes,Diprotodontia,,,9,rostratus, Diprotodontia Tarsipedidae
305,,18,201,0.0598273,,,Diprotodontia,,,NA,, Diprotodontia 
306,,19,204,0.0601119,,,Diprotodontia,,,NA,, Diprotodontia 
307,,13,140,0.0414447,,,Diprotodontia,,,NA,, Diprotodontia 
308,,40,369,0.112836,,,Diprotodontia,,,NA,, Diprotodontia 
309,Vombatus_ursinus,197,2108,0.644609,Vombatidae,Vombatus,Diprotodontia,,,25500,ursinus, Diprotodontia Vombatidae
30,Trachypithecus_obscurus,164,1097,0.337735,Cercopithecidae,Trachypithecus,Primates,Colobinae,Haplorrhini,7080,obscurus, Primates Cercopithecidae
310,Phascolarctos_cinereus,454,4012,1.34496,Phascolarctidae,Phascolarctos,Diprotodontia,,,9300,cinereus, Diprotodontia Phascolarctidae
311,,96,1042,0.314186,,,Diprotodontia,,,NA,, Diprotodontia 
312,,71,766,0.23023,,,Diprotodontia,,,NA,, Diprotodontia 
313,,7,54,0.0158466,,,,,,NA,,  
314,Notoryctes_typhlops,275,3658,1.729,Notoryctidae,Notoryctes,Notoryctemorphia,,,NA,typhlops, Notoryctemorphia Notoryctidae
315,,24,191,0.0584523,,,,,,NA,,  
316,,75,592,0.181059,,,,,,NA,,  
317,Caenolestes_fuliginosus,169,2044,0.615914,Caenolestidae,Caenolestes,Paucituberculata,,,NA,fuliginosus, Paucituberculata Caenolestidae
318,Rhyncholestes_raphanurus,168,2032,0.613293,Caenolestidae,Rhyncholestes,Paucituberculata,,,NA,raphanurus, Paucituberculata Caenolestidae
319,,221,2454,0.74555,Caenolestidae,,Paucituberculata,,,NA,, Paucituberculata Caenolestidae
31,Semnopithecus_entellus,233,1475,0.457738,Cercopithecidae,Semnopithecus,Primates,Colobinae,Haplorrhini,13516.5,entellus, Primates Cercopithecidae
32,,25,136,0.0429795,Cercopithecidae,,Primates,Colobinae,Haplorrhini,NA,, Primates Cercopithecidae
320,,59,481,0.147348,,,,,,NA,,  
321,Monodelphis_domestica,269,3426,1.034,Didelphidae,Monodelphis,Didelphimorphia,Didelphinae,,105,domestica, Didelphimorphia Didelphidae
322,Didelphis_virginiana,63,626,0.189558,Didelphidae,Didelphis,Didelphimorphia,Didelphinae,,3000,virginiana, Didelphimorphia Didelphidae
323,Metachirus_nudicaudatus,54,606,0.179911,Didelphidae,Metachirus,Didelphimorphia,Didelphinae,,440,nudicaudatus, Didelphimorphia Didelphidae
324,,276,3041,0.930707,Didelphidae,,Didelphimorphia,Didelphinae,,NA,, Didelphimorphia Didelphidae
325,,149,1410,0.427327,Didelphidae,,Didelphimorphia,Didelphinae,,NA,, Didelphimorphia Didelphidae
326,,379,3560,1.11422,,,,,,NA,,  
327,,NA,NA,NA,,,,,,NA,,  
33,,20,130,0.0393589,Cercopithecidae,,Primates,Colobinae,Haplorrhini,NA,, Primates Cercopithecidae
34,Nasalis_larvatus,144,1029,0.317299,Cercopithecidae,Nasalis,Primates,Colobinae,Haplorrhini,14617.5,larvatus, Primates Cercopithecidae
35,Pygathrix_nemaeus,183,1299,0.40115,Cercopithecidae,Pygathrix,Primates,Colobinae,Haplorrhini,9720,nemaeus, Primates Cercopithecidae
36,,56,302,0.0957595,Cercopithecidae,,Primates,Colobinae,Haplorrhini,NA,, Primates Cercopithecidae
37,,51,304,0.0937289,Cercopithecidae,,Primates,Colobinae,Haplorrhini,NA,, Primates Cercopithecidae
38,Procolobus_badius,190,1369,0.417942,Cercopithecidae,Procolobus,Primates,Colobinae,Haplorrhini,NA,badius, Primates Cercopithecidae
39,Colobus_guereza,205,1317,0.41295,Cercopithecidae,Colobus,Primates,Colobinae,Haplorrhini,9950,guereza, Primates Cercopithecidae
3,Rattus_norvegicus,219,2641,0.806582,Muridae,Rattus,Rodentia,Murinae,Sciurognathi,300,norvegicus, Rodentia Muridae
40,,71,390,0.124197,Cercopithecidae,,Primates,Colobinae,Haplorrhini,NA,, Primates Cercopithecidae
41,,129,875,0.269516,Cercopithecidae,,Primates,Colobinae,Haplorrhini,NA,, Primates Cercopithecidae
42,Chlorocebus_aethiops,373,2126,0.712958,Cercopithecidae,Chlorocebus,Primates,Cercopithecinae,Haplorrhini,5620,aethiops, Primates Cercopithecidae
43,Macaca_mulatta,240,1372,0.441629,Cercopithecidae,Macaca,Primates,Cercopithecinae,Haplorrhini,8235,mulatta, Primates Cercopithecidae
44,Papio_hamadryas,232,1329,0.428962,Cercopithecidae,Papio,Primates,Cercopithecinae,Haplorrhini,18000,hamadryas, Primates Cercopithecidae
45,,84,359,0.120809,Cercopithecidae,,Primates,Cercopithecinae,Haplorrhini,NA,, Primates Cercopithecidae
46,,136,738,0.238327,Cercopithecidae,,Primates,Cercopithecinae,Haplorrhini,NA,, Primates Cercopithecidae
47,,196,1203,0.384068,Cercopithecidae,,Primates,,Haplorrhini,NA,, Primates Cercopithecidae
48,Pongo_pygmaeus,298,1491,0.490809,Hominidae,Pongo,Primates,Ponginae,Haplorrhini,64475,pygmaeus, Primates Hominidae
49,Gorilla_gorilla,124,839,0.260099,Hominidae,Gorilla,Primates,Homininae,Haplorrhini,139842,gorilla, Primates Hominidae
4,Mus_musculus,245,2776,0.854604,Muridae,Mus,Rodentia,Murinae,Sciurognathi,20.5,musculus, Rodentia Muridae
5,,184,1716,0.530231,Muridae,,Rodentia,Murinae,Sciurognathi,NA,, Rodentia Muridae
50,Homo_sapiens,87,671,0.206326,Hominidae,Homo,Primates,Homininae,Haplorrhini,62035,sapiens, Primates Hominidae
51,Pan_troglodytes,92,618,0.191633,Hominidae,Pan,Primates,Homininae,Haplorrhini,44983.5,troglodytes, Primates Hominidae
52,,41,256,0.0810138,Hominidae,,Primates,Homininae,Haplorrhini,NA,, Primates Hominidae
53,,124,656,0.212851,Hominidae,,Primates,Homininae,Haplorrhini,NA,, Primates Hominidae
54,,65,382,0.122402,Hominidae,,Primates,Homininae,Haplorrhini,NA,, Primates Hominidae
55,Hylobates_lar,241,1665,0.524044,Hylobatidae,Hylobates,Primates,,Haplorrhini,6810,lar, Primates Hylobatidae
56,,159,938,0.298797,,,Primates,,Haplorrhini,NA,, Primates 
57,,260,2097,0.649653,,,Primates,,Haplorrhini,NA,, Primates 
58,Cebus_albifrons,374,3764,1.90184,Cebidae,Cebus,Primates,Cebinae,Haplorrhini,2467.5,albifrons, Primates Cebidae
59,,322,2769,0.853536,,,Primates,,Haplorrhini,NA,, Primates 
60,Tarsius_bancanus,325,3664,1.4793,Tarsiidae,Tarsius,Primates,,Haplorrhini,122.5,bancanus, Primates Tarsiidae
61,,50,441,0.132011,,,Primates,,Haplorrhini,NA,, Primates 
62,Lemur_catta,312,3921,1.23065,Lemuridae,Lemur,Primates,,Strepsirrhini,2555,catta, Primates Lemuridae
63,Nycticebus_coucang,301,3661,1.72147,Lorisidae,Nycticebus,Primates,,Strepsirrhini,890.5,coucang, Primates Lorisidae
64,,124,1108,0.336361,,,Primates,,Strepsirrhini,NA,, Primates 
65,,44,355,0.107364,,,Primates,,,NA,, Primates 
66,Cynocephalus_variegatus,348,3719,1.88613,Cynocephalidae,Cynocephalus,Dermoptera,,,NA,variegatus, Dermoptera Cynocephalidae
67,,80,669,0.204336,,,,,,NA,,  
68,Tupaia_belangeri,261,3714,1.8054,Tupaiidae,Tupaia,Scandentia,,,200,belangeri, Scandentia Tupaiidae
69,,35,275,0.0829476,,,,,,NA,,  
6,Cricetulus_griseus,316,3626,1.52748,Cricetidae,Cricetulus,Rodentia,Cricetinae,Sciurognathi,NA,griseus, Rodentia Cricetidae
70,,84,545,0.172343,,,,,,NA,,  
71,Herpestes_javanicus,226,2346,0.714752,Herpestidae,Herpestes,Carnivora,,Feliformia,800,javanicus, Carnivora Herpestidae
72,Neofelis_nebulosa,112,1288,0.382849,Felidae,Neofelis,Carnivora,Pantherinae,Feliformia,19500,nebulosa, Carnivora Felidae
73,Felis_catus,69,822,0.243156,Felidae,Felis,Carnivora,Felinae,Feliformia,3900,catus, Carnivora Felidae
74,Acinonyx_jubatus,95,1021,0.308424,Felidae,Acinonyx,Carnivora,Acinonychinae,Feliformia,53500,jubatus, Carnivora Felidae
75,,20,255,0.0745447,Felidae,,Carnivora,,Feliformia,NA,, Carnivora Felidae
76,,99,1041,0.31078,Felidae,,Carnivora,,Feliformia,NA,, Carnivora Felidae
77,,83,831,0.249805,,,Carnivora,,Feliformia,NA,, Carnivora 
78,Vulpes_vulpes,126,1737,0.505979,Canidae,Vulpes,Carnivora,,Caniformia,4131.7,vulpes, Carnivora Canidae
79,Canis_lupus,96,1398,0.404759,Canidae,Canis,Carnivora,,Caniformia,26625,lupus, Carnivora Canidae
7,Microtus_kikuchii,158,1545,0.479477,Cricetidae,Microtus,Rodentia,Arvicolinae,Sciurognathi,NA,kikuchii, Rodentia Cricetidae
80,,158,2134,0.627512,Canidae,,Carnivora,,Caniformia,NA,, Carnivora Canidae
81,Procyon_lotor,261,2516,0.768224,Procyonidae,Procyon,Carnivora,,Caniformia,6000,lotor, Carnivora Procyonidae
82,Enhydra_lutris,169,1519,0.457859,Mustelidae,Enhydra,Carnivora,Lutrinae,Caniformia,25850,lutris, Carnivora Mustelidae
83,Meles_meles_anakuma,169,1904,0.571578,Mustelidae,Meles,Carnivora,Mustelinae,Caniformia,13000,meles, Carnivora Mustelidae
84,Martes_melampus,76,973,0.283227,Mustelidae,Martes,Carnivora,Mustelinae,Caniformia,1000,melampus, Carnivora Mustelidae
85,Gulo_gulo,107,1148,0.341931,Mustelidae,Gulo,Carnivora,Mustelinae,Caniformia,16333.3,gulo, Carnivora Mustelidae
86,,39,429,0.126391,Mustelidae,,Carnivora,Mustelinae,Caniformia,NA,, Carnivora Mustelidae
87,,28,233,0.0712983,Mustelidae,,Carnivora,Mustelinae,Caniformia,NA,, Carnivora Mustelidae
88,,92,838,0.25355,Mustelidae,,Carnivora,Mustelinae,Caniformia,NA,, Carnivora Mustelidae
89,,52,435,0.131058,,,Carnivora,,Caniformia,NA,, Carnivora 
8,Microtus_rossiaemeridionalis,147,1353,0.418886,Cricetidae,Microtus,Rodentia,Arvicolinae,Sciurognathi,NA,rossiaemeridionalis, Rodentia Cricetidae
9,,225,2416,0.744932,Cricetidae,Microtus,Rodentia,Arvicolinae,Sciurognathi,NA,, Rodentia Cricetidae
90,Ailurus_fulgens_styani,226,2625,0.781358,Ailuridae,Ailurus,Carnivora,,Caniformia,4325,fulgens, Carnivora Ailuridae
91,,40,383,0.114154,,,Carnivora,,Caniformia,NA,, Carnivora 
92,Callorhinus_ursinus,91,767,0.23407,Otariidae,Callorhinus,Carnivora,,Caniformia,165500,ursinus, Carnivora Otariidae
93,Eumetopias_jubatus,76,451,0.14739,Otariidae,Eumetopias,Carnivora,,Caniformia,415000,jubatus, Carnivora Otariidae
94,Neophoca_cinerea,76,453,0.144506,Otariidae,Neophoca,Carnivora,,Caniformia,190000,cinerea, Carnivora Otariidae
95,Phocarctos_hookeri,69,452,0.142378,Otariidae,Phocarctos,Carnivora,,Caniformia,187580,hookeri, Carnivora Otariidae
96,,11,72,0.0232295,Otariidae,,Carnivora,,Caniformia,NA,, Carnivora Otariidae
97,Arctocephalus_forsteri,44,433,0.130881,Otariidae,Arctocephalus,Carnivora,,Caniformia,55000,forsteri, Carnivora Otariidae
98,,29,274,0.0839274,Otariidae,,Carnivora,,Caniformia,NA,, Carnivora Otariidae
99,,10,55,0.0172943,Otariidae,,Carnivora,,Caniformia,NA,, Carnivora Otariidae
